DateTime,gps_speed,wheel_acc,gps_acc,rpm,slope,fcr,co2
2019-11-22 18:30:25,34.632,-0.3963429,-0.8299999999999998,874.75,0.0106864107342777,0.3005070802721088,1.0119030089580354
2019-11-22 18:30:26,31.14,-0.3963429,-1.1575,874.75,-0.0026775027636364,0.3005070802721088,1.0119030089580354
2019-11-22 18:30:27,25.884,-0.3963429,-1.4249999999999998,874.75,-0.0229284305008741,0.3005070802721088,1.0119030089580354
2019-11-22 18:30:28,19.836,-0.3963429,-1.4225,874.75,-0.0306831727505635,0.3005070802721088,1.0119030089580354
2019-11-22 18:30:29,14.112,-0.6373544,-1.3425,930.25,-0.0361826987246581,0.3032266013605442,1.0210605022517731
2019-11-22 18:30:30,10.656,-0.6373544,-1.12,930.25,-0.0431375314222168,0.3032266013605442,1.0210605022517731
2019-11-22 18:30:31,6.552,-1.164829,-0.76,870.5,-0.0525820051721124,0.3120650448979591,1.050822355456421
2019-11-22 18:30:32,3.708,-1.164829,-0.5575,870.5,-0.0525820051721124,0.3120650448979591,1.050822355456421
2019-11-22 18:30:33,3.168,-1.327972,-0.3399999999999999,692.0,-0.0525820051721124,0.2971076789115646,1.000456142340863
2019-11-22 18:30:34,2.628,-0.7127872,-0.185,694.25,-0.0525820051721124,0.2828301931972789,0.9523793025487391
2019-11-22 18:30:35,1.656,-0.7127872,-0.1475,694.25,-0.0525820051721124,0.2828301931972789,0.9523793025487391
2019-11-22 18:30:36,1.044,-0.3054227,-0.11,664.0,-0.0525820051721124,0.2828301931972789,0.9523793025487391
2019-11-22 18:30:37,1.044,-0.3054227,-0.0424999999999999,664.0,-0.0525820051721124,0.2828301931972789,0.9523793025487391
2019-11-22 18:30:38,1.044,-0.2528331,0.0,689.0,-0.0525820051721124,0.2855497142857143,0.9615367958424772
2019-11-22 18:30:39,1.044,-0.2528331,0.0,689.0,-0.0525820051721124,0.2855497142857143,0.9615367958424772
2019-11-22 18:30:40,1.044,-0.08116405,0.0,685.25,-0.0525820051721124,0.2971076789115646,1.000456142340863
2019-11-22 18:30:41,1.044,-1.595946e-15,0.0,687.75,-0.0525820051721124,0.2882692353741497,0.970694289136215
2019-11-22 18:30:42,1.044,-1.595946e-15,0.0,687.75,-0.0525820051721124,0.2882692353741497,0.970694289136215
2019-11-22 18:30:43,1.044,-1.595946e-15,0.0,682.5,-0.0525820051721124,0.2882692353741497,0.970694289136215
2019-11-22 18:30:44,1.044,-1.595946e-15,-0.03,682.5,-0.0525820051721124,0.2882692353741497,0.970694289136215
2019-11-22 18:30:45,1.044,-1.595946e-15,-0.03,692.5,-0.0525820051721124,0.2882692353741497,0.970694289136215
2019-11-22 18:30:46,0.612,-1.595946e-15,-0.03,692.5,-0.0525820051721124,0.2882692353741497,0.970694289136215
2019-11-22 18:30:47,0.612,-1.595946e-15,-0.0125,692.5,-0.0525820051721124,0.2882692353741497,0.970694289136215
2019-11-22 18:30:48,0.612,-1.595946e-15,0.0175,692.5,-0.0525820051721124,0.2882692353741497,0.970694289136215
2019-11-22 18:30:49,0.864,-1.595946e-15,0.0175,692.5,-0.0525820051721124,0.2882692353741497,0.970694289136215
2019-11-22 18:30:50,0.864,-1.595946e-15,0.0175,692.5,-0.0525820051721124,0.2882692353741497,0.970694289136215
2019-11-22 18:30:51,0.864,-1.595946e-15,-0.0175,692.5,-0.0525820051721124,0.2882692353741497,0.9712557086209672
2019-11-22 18:30:52,0.864,-1.595946e-15,0.18,692.5,-0.0525820051721124,0.2882692353741497,0.9712557086209672
2019-11-22 18:30:53,0.612,-1.595946e-15,0.5800000000000001,680.75,-0.0525820051721124,0.2916686367346939,0.9821411557533872
2019-11-22 18:30:54,3.456,-1.595946e-15,0.9475,1413.0,-0.0525820051721124,0.7240724897959184,2.4381825894577096
2019-11-22 18:30:55,9.216,-1.595946e-15,1.2300000000000002,1413.0,-0.0525820051721124,0.7240724897959184,2.4381825894577096
2019-11-22 18:30:56,14.508,0.6986439,1.1925,1677.75,-0.0294889746499939,1.3740380299319728,4.6268234866610625
2019-11-22 18:30:57,18.324,1.370105,0.8600000000000002,1789.75,-0.0188159183739173,1.3584007836734695,4.57416790022207
2019-11-22 18:30:58,20.628,1.370105,0.5050000000000001,1789.75,-0.0036215928269074,1.3584007836734695,4.57416790022207
2019-11-22 18:30:59,21.6,1.033875,0.1924999999999999,1336.0,0.0070697583401766,0.8988017197278912,3.0283019971625436
2019-11-22 18:31:00,21.78,1.033875,-0.0425000000000001,1336.0,0.0177611095072607,0.8988017197278912,3.0265515335803683
2019-11-22 18:31:01,21.096,0.4358902,-0.1624999999999999,998.25,0.0089051411203941,0.3814128326530612,1.2843384344467372
2019-11-22 18:31:02,20.016,0.4358902,-0.1624999999999999,998.25,0.0120389881834532,0.3814128326530612,1.2843384344467372
2019-11-22 18:31:03,19.26,0.4358902,-0.0725,998.25,0.0121875671983745,0.3814128326530612,1.2843384344467372
2019-11-22 18:31:04,19.44,0.4358902,0.145,998.25,0.0193064154771885,0.3814128326530612,1.2843384344467372
2019-11-22 18:31:05,20.052,0.4358902,0.2874999999999997,998.25,0.0098018050482814,0.3814128326530612,1.2843384344467372
2019-11-22 18:31:06,22.104,0.4358902,0.2249999999999998,998.25,0.0079712778595371,0.3814128326530612,1.2843384344467372
2019-11-22 18:31:07,23.4,0.4358902,0.06,998.25,0.0001963082569695,0.3814128326530612,1.2843384344467372
2019-11-22 18:31:08,22.68,0.4358902,-0.3599999999999998,998.25,-0.0111597497508133,0.3814128326530612,1.2843384344467372
2019-11-22 18:31:09,20.916,0.4358902,-0.6649999999999999,998.25,-0.0249831026425631,0.3814128326530612,1.2843384344467372
2019-11-22 18:31:10,16.92,0.4358902,-0.9525,998.25,-0.0275930780425176,0.3814128326530612,1.2843384344467372
2019-11-22 18:31:11,13.824,0.4358902,-1.11,998.25,-0.0414228476508028,0.3814128326530612,1.2843384344467372
2019-11-22 18:31:12,8.964,0.4358902,-1.0575,998.25,-0.0187018653699332,0.3814128326530612,1.2843384344467372
2019-11-22 18:31:13,4.932,0.4358902,-0.9075,998.25,0.006064204093356,0.3814128326530612,1.2843384344467372
2019-11-22 18:31:14,1.692,0.4358902,-0.5386430583143076,998.25,0.0308302735566454,0.3814128326530612,1.2843384344467372
2019-11-22 18:31:15,0.756,0.4358902,-0.2586430581214627,998.25,0.0610064242358606,0.3814128326530612,1.2843384344467372
2019-11-22 18:31:16,1.2075399602739714,0.4358902,-0.0336430583143075,998.25,0.0911825749150758,0.3814128326530612,1.2843384344467372
2019-11-22 18:31:17,1.2075399630509365,0.4358902,0.0313569416856919,998.25,0.0911825749150758,0.3814128326530612,1.2843384344467372
2019-11-22 18:31:18,1.2075399602739714,0.4358902,-0.0838569017639225,845.0,0.0911825749150758,0.3154644462585034,1.0622692220735934
2019-11-22 18:31:19,1.2075399602739645,0.4358902,-0.0838569019567678,845.0,0.0911825749150758,0.3154644462585034,1.0622692220735934
2019-11-22 18:31:20,5.748734873094355e-07,-0.07844834,-0.0838569017639225,683.75,0.0911825749150758,0.2916686367346939,0.9821411557533872
2019-11-22 18:31:21,5.748734801410598e-07,-0.07844834,-0.0838569017639225,683.75,0.0911825749150758,0.2916686367346939,0.9821411557533872
2019-11-22 18:31:22,5.748734873094355e-07,-0.1519249,2.3869477274442175e-14,680.75,0.0911825749150758,0.2943881578231292,0.9912986490471252
2019-11-22 18:31:23,5.748734801410598e-07,-0.1519249,1.9303526067052663e-10,680.75,0.0911825749150758,0.2943881578231292,0.9912986490471252
2019-11-22 18:31:24,5.748738310299082e-07,-1.720846e-15,0.0,677.0,0.0911825749150758,0.2943881578231292,0.9912986490471252
2019-11-22 18:31:25,5.776531878947154e-07,-1.720846e-15,-8.616431844889654e-27,677.0,0.0911825749150758,0.2943881578231292,0.9912986490471252
2019-11-22 18:31:26,5.748734873094355e-07,-1.720846e-15,-2.3869477274445053e-14,677.0,0.0911825749150758,0.2943881578231292,0.9912986490471252
2019-11-22 18:31:27,5.748734801410598e-07,-1.720846e-15,-1.9303526067052663e-10,677.0,0.0911825749150758,0.2943881578231292,0.9912986490471252
2019-11-22 18:31:28,5.748734873094355e-07,-1.720846e-15,0.0,677.0,0.0911825749150758,0.2943881578231292,0.9912986490471252
2019-11-22 18:31:29,5.748734801410598e-07,-1.720846e-15,2.386947757590356e-14,677.0,0.0911825749150758,0.2943881578231292,0.9912986490471252
2019-11-22 18:31:30,5.748734873094355e-07,-1.720846e-15,0.0,677.0,0.0911825749150758,0.2943881578231292,0.9912986490471252
2019-11-22 18:31:31,5.748738238615369e-07,-1.720846e-15,1.0846837446788912e-30,677.0,0.0911825749150758,0.2943881578231292,0.9912986490471252
2019-11-22 18:31:32,5.748734873094355e-07,-1.720846e-15,0.05499996007823,670.5,0.0911825749150758,0.2801106721088436,0.9432218092550012
2019-11-22 18:31:33,5.748734801410598e-07,-1.720846e-15,0.2124999600782066,670.5,0.0911825749150758,0.2801106721088436,0.9432218092550012
2019-11-22 18:31:34,0.792,-1.720846e-15,0.48749996007823,670.5,0.0911825749150758,0.2801106721088436,0.9432218092550012
2019-11-22 18:31:35,3.06,-1.720846e-15,0.8149999600782305,670.5,0.0756050339138258,0.2801106721088436,0.9432218092550012
2019-11-22 18:31:36,7.02,-1.720846e-15,1.005,670.5,0.0543394263332595,0.2801106721088436,0.9432218092550012
2019-11-22 18:31:37,11.736,-1.720846e-15,0.8474999999999999,670.5,0.0330738187526931,0.2801106721088436,0.9432218092550012
2019-11-22 18:31:38,15.264,-1.720846e-15,0.6075000000000002,670.5,0.0129399836085507,0.2801106721088436,0.9432218092550012
2019-11-22 18:31:39,15.264,-1.720846e-15,0.3174999999999999,691.0,-0.0071938515355916,0.2943881578231292,0.9912986490471252
2019-11-22 18:31:40,15.768,-1.720846e-15,0.0774999999999999,691.0,-0.0263125329201879,0.2943881578231292,0.9912986490471252
2019-11-22 18:31:41,16.308,-1.720846e-15,0.1099999999999999,691.0,-0.0267776358845407,0.2943881578231292,0.9912986490471252
2019-11-22 18:31:42,16.38,-1.720846e-15,0.0374999999999999,691.0,-0.0200217762319516,0.2943881578231292,0.9912986490471252
2019-11-22 18:31:43,16.848,-1.720846e-15,-0.065,691.0,-0.0143976890157864,0.2943881578231292,0.9912986490471252
2019-11-22 18:31:44,16.308,-1.720846e-15,-0.1499999999999998,691.0,-0.0113328687966784,0.2943881578231292,0.9912986490471252
2019-11-22 18:31:45,15.372,-1.720846e-15,-0.53,691.0,0.0062943386641333,0.2943881578231292,0.9912986490471252
2019-11-22 18:31:46,14.22,-1.720846e-15,-0.65,691.0,0.0289077384692423,0.2943881578231292,0.9912986490471252
2019-11-22 18:31:47,9.216,-1.720846e-15,-0.6174999999999999,691.0,0.0443001756574092,0.2943881578231292,0.9912986490471252
2019-11-22 18:31:48,6.948,-1.720846e-15,-0.2475,691.0,0.0340328384780293,0.2943881578231292,0.9912986490471252
2019-11-22 18:31:49,6.48,-1.720846e-15,0.3549999999999999,691.0,0.0263247682957067,0.2943881578231292,0.9912986490471252
2019-11-22 18:31:50,10.656,-1.720846e-15,0.77,691.0,0.027250566315185,0.2943881578231292,0.9912986490471252
2019-11-22 18:31:51,14.328,0.2832389,0.8299999999999998,1389.0,0.0025035259632065,0.6050934421768708,2.0375422578566775
2019-11-22 18:31:52,18.036,0.3066653,0.4075,1493.75,-0.0231225798547041,0.7805025523809525,2.6282005753027704
2019-11-22 18:31:53,18.432,0.3066653,0.035,1493.75,-0.0318442498278115,0.7805025523809525,2.6282005753027704
2019-11-22 18:31:54,16.524,0.3066653,-0.1750000000000001,1493.75,-0.040565919800919,0.7805025523809525,2.6282005753027704
2019-11-22 18:31:55,14.832,0.3066653,-0.0074999999999997,1493.75,-0.0579214579758273,0.7805025523809525,2.6282005753027704
2019-11-22 18:31:56,15.516,0.3066653,0.3024999999999999,1493.75,-0.0508033313668761,0.7805025523809525,2.6282005753027704
2019-11-22 18:31:57,18.324,0.3066653,0.5475,1493.75,-0.0628754975529274,0.7805025523809525,2.6282005753027704
2019-11-22 18:31:58,20.88,0.3066653,0.485,1493.75,-0.0509480258460674,0.7805025523809525,2.6282005753027704
2019-11-22 18:31:59,22.716,0.3066653,0.2299999999999998,1493.75,-0.0331935681887532,0.7805025523809525,2.6282005753027704
2019-11-22 18:32:00,22.5,0.3066653,-0.1074999999999998,1493.75,-0.0027936822551687,0.7805025523809525,2.6282005753027704
2019-11-22 18:32:01,21.636,0.3066653,-0.5600000000000002,1493.75,-0.0086057304836034,0.7805025523809525,2.6282005753027704
2019-11-22 18:32:02,19.332,0.3066653,-0.9575,1493.75,0.0095762310717377,0.7805025523809525,2.6282005753027704
2019-11-22 18:32:03,14.652,0.3066653,-1.165,1493.75,0.0287574490090384,0.7805025523809525,2.6282005753027704
2019-11-22 18:32:04,8.712,0.3066653,-1.0799999999999998,1493.75,0.0271020728949962,0.7805025523809525,2.6282005753027704
2019-11-22 18:32:05,4.86,0.3066653,-0.6427732624674981,1493.75,-0.0033030193534612,0.7805025523809525,2.6282005753027704
2019-11-22 18:32:06,3.78,0.02342642,-0.5829570431284088,866.25,-0.0142487080375265,0.3358608544217688,1.130950421776628
2019-11-22 18:32:07,5.396065020468027,0.02342642,-0.3154570432828571,866.25,-0.029119048244433,0.3358608544217688,1.130950421776628
2019-11-22 18:32:08,0.3174185789509129,-0.1631376,-0.2624997795741732,673.75,-0.0602329442034668,0.2746716299319728,0.9249068226675256
2019-11-22 18:32:09,0.3174185767268573,-0.1631376,-0.3747265171066757,673.75,-0.0763372320616119,0.2746716299319728,0.9249068226675256
2019-11-22 18:32:10,3.174131906028726e-06,-0.2454906,-0.0220427364457465,689.75,-0.0763372320616119,0.2855497142857143,0.9615367958424772
2019-11-22 18:32:11,3.174131896457941e-06,-0.2454906,-0.022042736291316,689.75,-0.0763372320616119,0.2855497142857143,0.9615367958424772
2019-11-22 18:32:12,3.1741321619533283e-06,-0.082353,-6.646378428289511e-16,678.75,-0.0763372320616119,0.2855497142857143,0.9615367958424772
2019-11-22 18:32:13,3.174131906028726e-06,-1.748601e-15,1.8437179668581628e-14,687.5,-0.0763372320616119,0.2855497142857143,0.9615367958424772
2019-11-22 18:32:14,3.174131896457941e-06,-1.748601e-15,-1.8437179668581628e-14,687.5,-0.0763372320616119,0.2855497142857143,0.9615367958424772
2019-11-22 18:32:15,3.1741321619533283e-06,-1.748601e-15,-3.944304526105059e-31,695.75,-0.0763372320616119,0.2916686367346939,0.9821411557533872
2019-11-22 18:32:16,3.174131896457941e-06,-1.748601e-15,1.777254188457441e-14,695.75,-0.0763372320616119,0.2916686367346939,0.9821411557533872
2019-11-22 18:32:17,3.174131906028726e-06,-1.748601e-15,-1.7772541825752676e-14,680.25,-0.0763372320616119,0.2882692353741497,0.970694289136215
2019-11-22 18:32:18,3.174132152382544e-06,-1.748601e-15,6.646378428289515e-16,680.25,-0.0763372320616119,0.2882692353741497,0.970694289136215
2019-11-22 18:32:19,3.174131906028726e-06,-1.748601e-15,1.710790404174546e-14,680.25,-0.0763372320616119,0.2882692353741497,0.970694289136215
2019-11-22 18:32:20,3.174131906028726e-06,-1.748601e-15,-1.710790404174546e-14,680.25,-0.0763372320616119,0.2882692353741497,0.970694289136215
2019-11-22 18:32:21,3.174132152382544e-06,-1.748601e-15,-6.646378428289511e-16,680.25,-0.0763372320616119,0.2882692353741497,0.970694289136215
2019-11-22 18:32:22,3.174131906028726e-06,-1.748601e-15,1.7772541825752676e-14,680.25,-0.0763372320616119,0.2882692353741497,0.970694289136215
2019-11-22 18:32:23,3.174131896457941e-06,-1.748601e-15,-1.777254188457441e-14,680.25,-0.0763372320616119,0.2882692353741497,0.970694289136215
2019-11-22 18:32:24,3.1741321619533283e-06,-1.748601e-15,-3.944304526105059e-31,673.5,-0.0763372320616119,0.2916686367346939,0.9821411557533872
2019-11-22 18:32:25,3.174131896457941e-06,-1.748601e-15,1.8437179668581628e-14,673.5,-0.0763372320616119,0.2916686367346939,0.9821411557533872
2019-11-22 18:32:26,3.174131906028726e-06,-1.748601e-15,-1.8437179668581628e-14,687.0,-0.0763372320616119,0.2882692353741497,0.970694289136215
2019-11-22 18:32:27,3.1741321619533283e-06,-1.748601e-15,6.646378428289511e-16,695.75,-0.0763372320616119,0.2855497142857143,0.9615367958424772
2019-11-22 18:32:28,3.174131896457941e-06,-1.748601e-15,1.710790404174546e-14,695.75,-0.0763372320616119,0.2855497142857143,0.9615367958424772
2019-11-22 18:32:29,3.174131906028726e-06,-1.748601e-15,-1.7772541825752676e-14,695.75,-0.0763372320616119,0.2855497142857143,0.9615367958424772
2019-11-22 18:32:30,3.174132152382544e-06,-1.748601e-15,6.646378428289515e-16,695.75,-0.0763372320616119,0.2855497142857143,0.9615367958424772
2019-11-22 18:32:31,3.174131906028726e-06,-1.748601e-15,1.710790404174546e-14,695.75,-0.0763372320616119,0.2855497142857143,0.9615367958424772
2019-11-22 18:32:32,3.174131906028726e-06,-1.748601e-15,-1.710790404174546e-14,695.75,-0.0763372320616119,0.2855497142857143,0.9615367958424772
2019-11-22 18:32:33,3.174132152382544e-06,-1.748601e-15,-6.646378428289511e-16,695.75,-0.0763372320616119,0.2855497142857143,0.9615367958424772
2019-11-22 18:32:34,3.174131906028726e-06,-1.748601e-15,1.7772541825752676e-14,695.75,-0.0763372320616119,0.2855497142857143,0.9615367958424772
2019-11-22 18:32:35,3.174131896457941e-06,-1.748601e-15,-1.710790404174546e-14,695.75,-0.0763372320616119,0.2855497142857143,0.9615367958424772
2019-11-22 18:32:36,3.1741321619533283e-06,-1.748601e-15,-6.646378428289511e-16,681.0,-0.0763372320616119,0.2801106721088436,0.9432218092550012
2019-11-22 18:32:37,3.174131906028726e-06,-1.748601e-15,1.8437179668581628e-14,681.0,-0.0763372320616119,0.2801106721088436,0.9432218092550012
2019-11-22 18:32:38,3.174131896457941e-06,-1.748601e-15,-1.8437179668581628e-14,681.0,-0.0763372320616119,0.2801106721088436,0.9432218092550012
2019-11-22 18:32:39,3.1741321619533283e-06,-1.748601e-15,-3.944304526105059e-31,681.0,-0.0763372320616119,0.2801106721088436,0.9432218092550012
2019-11-22 18:32:40,3.174131896457941e-06,-1.748601e-15,1.777254188457441e-14,681.0,-0.0763372320616119,0.2801106721088436,0.9432218092550012
2019-11-22 18:32:41,3.174131906028726e-06,-1.748601e-15,0.1874997795741554,681.0,-0.0763372320616119,0.2801106721088436,0.9432218092550012
2019-11-22 18:32:42,3.174132152382544e-06,-1.748601e-15,0.1874997795741738,686.0,-0.0763372320616119,0.2943881578231292,0.9912986490471252
2019-11-22 18:32:43,2.7,-1.748601e-15,0.7749997795741732,1504.5,-0.0763372320616119,0.8933626775510205,3.0082365469928924
2019-11-22 18:32:44,2.7,-1.748601e-15,0.914999779574156,1504.5,-0.0803854203818939,0.8933626775510205,3.0082365469928924
2019-11-22 18:32:45,11.16,-1.748601e-15,0.8075,1504.5,-0.0722935284400019,0.8933626775510205,3.0082365469928924
2019-11-22 18:32:46,13.176,-1.748601e-15,0.88,1504.5,-0.0642016364981099,0.8933626775510205,3.0082365469928924
2019-11-22 18:32:47,14.328,-1.748601e-15,0.4000000000000001,1504.5,-0.050966562349746,0.8933626775510205,3.0082365469928924
2019-11-22 18:32:48,15.372,0.574552,0.415,1487.25,-0.035095234012329,1.0918877170068026,3.676733557435757
2019-11-22 18:32:49,16.92,0.574552,0.5524999999999999,1487.25,-0.01517571735463,1.0918877170068026,3.676733557435757
2019-11-22 18:32:50,19.152,0.8608326,0.6575,1641.5,-0.0076753500699184,0.9844666340136056,3.315012572333111
2019-11-22 18:32:51,22.284,0.8608326,0.7824999999999998,1641.5,0.0005934035697177,0.9844666340136056,3.315012572333111
2019-11-22 18:32:52,24.84,0.6342497,0.8475,1848.25,0.0048833825680623,1.525651330612245,5.137353737786949
2019-11-22 18:32:53,28.188,0.6342497,0.8475,1848.25,-0.0072959322957158,1.525651330612245,5.137353737786949
2019-11-22 18:32:54,31.356,0.7563006,0.8499999999999999,1860.5,-0.0043730860269363,1.7350544544217688,5.842480721404765
2019-11-22 18:32:55,34.488,0.7975368,0.7950000000000003,1923.25,0.0107603123179766,1.7962436789115648,6.0485243205138675
2019-11-22 18:32:56,37.08,0.7975368,0.7325000000000002,1923.25,0.0041426554493623,1.7962436789115648,6.0485243205138675
2019-11-22 18:32:57,39.636,0.819675,0.6199999999999999,2043.5,0.0016493395115293,1.9478569795918368,6.559054571639755
2019-11-22 18:32:58,41.904,0.819675,0.5325,2043.5,0.0042801010495627,1.9478569795918368,6.559054571639755
2019-11-22 18:32:59,43.416,0.7641663,0.4374999999999998,1785.0,-0.0012711679669322,1.8961860789115648,6.385062199058734
2019-11-22 18:33:00,44.748,0.7641663,0.3049999999999996,1785.0,-0.0189528661157954,1.8961860789115648,6.385062199058734
2019-11-22 18:33:01,45.936,0.5030684,0.2525000000000001,1770.0,-0.0188468736086763,1.507974443537415,5.077830031377652
2019-11-22 18:33:02,46.296,0.5030684,0.2500000000000001,1770.0,-0.0208380909768671,1.507974443537415,5.077830031377652
2019-11-22 18:33:03,47.052,0.3238035,0.2449999999999998,1593.5,-0.0070288154451257,0.960670824489796,3.234884506012905
2019-11-22 18:33:04,48.348,0.3238035,0.2849999999999999,1593.5,-0.0068210244826455,0.960670824489796,3.234884506012905
2019-11-22 18:33:05,49.464,0.3194611,0.2824999999999998,1855.25,-0.0217997560920458,1.673865229931973,5.636437122295663
2019-11-22 18:33:06,50.4,0.3027447,0.1799999999999999,1778.25,-0.0190418412664685,1.2407814965986397,4.1781063152679065
2019-11-22 18:33:07,51.12,0.3027447,0.0850000000000002,1778.25,-0.0177281829208007,1.2407814965986397,4.1781063152679065
2019-11-22 18:33:08,50.94,0.2204,0.0025,1518.0,-0.023959829253243,0.7417493768707484,2.497706295867006
2019-11-22 18:33:09,50.688,0.2204,-0.0599999999999998,1518.0,-0.0211704089116873,0.7417493768707484,2.497706295867006
2019-11-22 18:33:10,50.436,0.08268487,0.0025,1525.0,-0.0042762525113259,0.7009565605442177,2.360343896460938
2019-11-22 18:33:11,50.256,0.08268487,0.0249999999999999,1525.0,-0.0017334754116012,0.7009565605442177,2.360343896460938
2019-11-22 18:33:12,50.976,-1.776357e-15,0.0525,1656.5,-0.0064008890661705,1.0205002884353742,3.436349358475138
2019-11-22 18:33:13,51.048,-1.776357e-15,0.1175,1599.75,-0.0094766373476843,0.978347711564626,3.2944082124222014
2019-11-22 18:33:14,51.192,-1.776357e-15,0.1424999999999999,1599.75,-0.0146242251101493,0.978347711564626,3.2944082124222014
2019-11-22 18:33:15,51.948,-1.776357e-15,0.1749999999999997,1726.75,-0.0121414928251643,1.008262443537415,3.3951406386533183
2019-11-22 18:33:16,53.028,-1.776357e-15,0.1774999999999998,1726.75,-0.0115149965433735,1.008262443537415,3.3951406386533183
2019-11-22 18:33:17,53.568,0.1564871,0.1399999999999998,1499.75,-0.0051491553435365,1.3740380299319728,4.6268234866610625
2019-11-22 18:33:18,53.748,0.1564871,0.0725000000000002,1499.75,-0.0005583728677253,1.3740380299319728,4.6268234866610625
2019-11-22 18:33:19,53.964,0.1564871,0.0025,1499.75,-0.0011329826629255,1.3740380299319728,4.6268234866610625
2019-11-22 18:33:20,54.072,0.1564871,-0.0349999999999998,1499.75,-0.0097631209637373,1.3740380299319728,4.6268234866610625
2019-11-22 18:33:21,53.604,0.1564871,-0.0675,1499.75,-0.0164811679677052,1.3740380299319728,4.6268234866610625
2019-11-22 18:33:22,53.244,0.1564871,-0.0625000000000003,1499.75,-0.0181369344954589,1.3740380299319728,4.6268234866610625
2019-11-22 18:33:23,52.992,0.1564871,0.0175000000000001,1499.75,-0.0182036932889403,1.3740380299319728,4.6268234866610625
2019-11-22 18:33:24,53.172,0.24353,0.0700000000000001,1503.75,-0.0117573688871434,0.960670824489796,3.234884506012905
2019-11-22 18:33:25,53.856,0.24353,0.1250000000000002,1503.75,-0.0119234650116381,0.960670824489796,3.234884506012905
2019-11-22 18:33:26,54.252,0.08704291,0.1150000000000004,1526.25,-0.0092128857867493,1.13472017414966,3.820964076812129
2019-11-22 18:33:27,54.792,0.08704291,0.0699999999999996,1526.25,-0.007207447823713,1.13472017414966,3.820964076812129
2019-11-22 18:33:28,54.828,0.0809398,0.0474999999999998,1547.5,-0.011334824009986,0.9545519020408164,3.214280146101994
2019-11-22 18:33:29,54.864,0.0809398,0.015,1555.25,-0.0083530403926644,0.904240761904762,3.044866520167844
2019-11-22 18:33:30,54.936,0.0809398,0.0274999999999995,1555.25,0.0020765428323364,0.904240761904762,3.044866520167844
2019-11-22 18:33:31,55.008,-1.790235e-15,0.0175000000000001,1548.5,0.0060076742309859,0.9491128598639456,3.1959651595145195
2019-11-22 18:33:32,55.224,-1.790235e-15,-0.0175000000000001,1548.5,0.0089496159769831,0.9491128598639456,3.1959651595145195
2019-11-22 18:33:33,55.116,-1.790235e-15,-0.0550000000000001,1560.5,0.0102063144259025,0.6921181170068027,2.33058204325629
2019-11-22 18:33:34,54.684,-1.790235e-15,-0.1124999999999998,1560.5,0.0115512778238995,0.6921181170068027,2.33058204325629
2019-11-22 18:33:35,54.216,-1.790235e-15,-0.1225000000000002,1543.75,0.0108491729870634,0.6010141605442176,2.023806017916071
2019-11-22 18:33:36,53.604,-1.790235e-15,-0.08,1543.75,0.0209204868020533,0.6010141605442176,2.024976524577677
2019-11-22 18:33:37,53.352,-1.790235e-15,-0.04,1543.75,0.0163533201888436,0.6010141605442176,2.023806017916071
2019-11-22 18:33:38,53.532,-1.790235e-15,0.0675000000000001,1543.75,0.0118178798779603,0.6010141605442176,2.023806017916071
2019-11-22 18:33:39,53.64,-1.790235e-15,0.1350000000000001,1543.75,0.0036433160926457,0.6010141605442176,2.023806017916071
2019-11-22 18:33:40,54.576,-1.790235e-15,0.1750000000000002,1543.75,-0.0011614180522077,0.6010141605442176,2.023806017916071
2019-11-22 18:33:41,55.296,-1.790235e-15,0.2024999999999997,1543.75,-0.0142816838051164,0.6010141605442176,2.023806017916071
2019-11-22 18:33:42,56.052,-1.790235e-15,0.1249999999999998,1543.75,-0.0037782360880612,0.6010141605442176,2.023806017916071
2019-11-22 18:33:43,56.556,-1.790235e-15,0.0349999999999998,1543.75,-0.0007761801485463,0.6010141605442176,2.023806017916071
2019-11-22 18:33:44,56.376,-0.07932974,-0.0525,1521.0,0.0008715367047881,0.6050934421768708,2.0375422578566775
2019-11-22 18:33:45,55.8,-0.07932974,-0.1549999999999999,1521.0,0.0038220721869389,0.6050934421768708,2.0375422578566775
2019-11-22 18:33:46,55.296,-0.05033066,-0.1924999999999999,1568.25,0.0087336708882263,0.5880964353741498,1.9803079247708155
2019-11-22 18:33:47,54.324,-0.05033066,-0.1575,1568.25,-0.000267748364679,0.5880964353741498,1.9803079247708155
2019-11-22 18:33:48,53.604,-0.05033066,-0.1399999999999998,1568.25,0.0023701991071629,0.5880964353741498,1.9803079247708155
2019-11-22 18:33:49,53.532,-0.05033066,-0.13,1568.25,-0.0004376073904095,0.5880964353741498,1.9803079247708155
2019-11-22 18:33:50,53.28,-0.05033066,-0.1399999999999998,1568.25,-0.0037553238093538,0.5880964353741498,1.9803079247708155
2019-11-22 18:33:51,52.452,-0.05033066,-0.2049999999999998,1568.25,-0.0045993079538656,0.5880964353741498,1.9803079247708155
2019-11-22 18:33:52,51.588,-0.05033066,-0.2574999999999999,1568.25,-0.0149836934596267,0.5880964353741498,1.9803079247708155
2019-11-22 18:33:53,50.58,-0.05033066,-0.2724999999999999,1568.25,-0.0226715631764552,0.5880964353741498,1.9803079247708155
2019-11-22 18:33:54,49.572,-0.05033066,-0.3075000000000003,1568.25,-0.0241054895380798,0.5880964353741498,1.9803079247708155
2019-11-22 18:33:55,48.528,-0.05033066,-0.3999999999999998,1568.25,-0.023538026611308,0.5880964353741498,1.9803079247708155
2019-11-22 18:33:56,47.16,-0.05033066,-0.4674999999999999,1568.25,-0.0240470692486591,0.5880964353741498,1.9803079247708155
2019-11-22 18:33:57,44.82,-0.1094887,-0.4499999999999998,936.0,-0.0140170910505977,0.5513829006802721,1.8566817653053544
2019-11-22 18:33:58,42.84,-0.1094887,-0.3374999999999999,936.0,-0.0083747659910636,0.5513829006802721,1.8566817653053544
2019-11-22 18:33:59,42.048,-0.1094887,-0.04,936.0,-0.0068177261223763,0.5513829006802721,1.8577556124801988
2019-11-22 18:34:00,42.3,-0.1094887,0.2549999999999998,936.0,-0.0063007344859101,0.5513829006802721,1.8566817653053544
2019-11-22 18:34:01,44.244,-0.276675,0.4124999999999998,1877.0,-0.0078056335586783,0.2916686367346939,0.9821411557533872
2019-11-22 18:34:02,46.512,-0.276675,0.3450000000000002,1877.0,-0.0064884848940046,0.2916686367346939,0.9821411557533872
2019-11-22 18:34:03,47.988,-0.276675,0.13,1877.0,-0.0034204222672486,0.2916686367346939,0.9821411557533872
2019-11-22 18:34:04,47.268,-0.276675,-0.105,1877.0,-0.0021273095183928,0.2916686367346939,0.9821411557533872
2019-11-22 18:34:05,46.116,-0.276675,-0.2775000000000001,1877.0,-0.0051217980392035,0.2916686367346939,0.9821411557533872
2019-11-22 18:34:06,45.0,-0.276675,-0.2875,1877.0,-0.0016582382697025,0.2916686367346939,0.9821411557533872
2019-11-22 18:34:07,43.992,-0.276675,-0.2225,1877.0,-0.0085199726582732,0.2916686367346939,0.9821411557533872
2019-11-22 18:34:08,43.128,-0.276675,-0.0874999999999998,1877.0,-0.0085583493349533,0.2916686367346939,0.9821411557533872
2019-11-22 18:34:09,42.912,-0.02891348,0.0725000000000002,1876.5,-0.0053473984281357,1.7527313414965988,5.902004427814061
2019-11-22 18:34:10,43.74,-0.02891348,0.2500000000000001,1876.5,-0.0028666182093476,1.7527313414965988,5.902004427814061
2019-11-22 18:34:11,45.036,0.07299566,0.2750000000000001,1806.5,-0.0031159982793602,1.4053125224489798,4.7321346595390485
2019-11-22 18:34:12,46.728,0.1022934,0.1599999999999996,1863.5,0.0021341895055036,1.7350544544217688,5.842480721404765
2019-11-22 18:34:13,46.872,0.1022934,0.0099999999999999,1863.5,-0.001142303404284,1.7350544544217688,5.842480721404765
2019-11-22 18:34:14,46.044,0.1022934,-0.1650000000000003,1863.5,-0.0024278253332517,1.7350544544217688,5.842480721404765
2019-11-22 18:34:15,45.18,0.1022934,-0.2299999999999998,1863.5,-0.0094056588272277,1.7350544544217688,5.842480721404765
2019-11-22 18:34:16,44.352,0.1022934,-0.2399999999999997,1863.5,-0.0213072632673447,1.7350544544217688,5.842480721404765
2019-11-22 18:34:17,43.56,0.1022934,-0.2375000000000001,1863.5,-0.0244434118658285,1.7350544544217688,5.842480721404765
2019-11-22 18:34:18,42.588,0.1022934,-0.2324999999999999,1863.5,-0.0232953654524641,1.7350544544217688,5.842480721404765
2019-11-22 18:34:19,41.76,0.1022934,-0.2525000000000001,1863.5,-0.0315745913074029,1.7350544544217688,5.842480721404765
2019-11-22 18:34:20,41.004,0.1022934,-0.2324999999999999,1863.5,-0.0269799729789954,1.7350544544217688,5.842480721404765
2019-11-22 18:34:21,39.924,0.1022934,-0.2199999999999999,1863.5,-0.0110699766363281,1.7350544544217688,5.842480721404765
2019-11-22 18:34:22,39.24,0.1022934,-0.2074999999999999,1863.5,-0.001193292318511,1.7350544544217688,5.842480721404765
2019-11-22 18:34:23,38.592,0.1022934,-0.1924999999999999,1863.5,0.0053448786611539,1.7350544544217688,5.842480721404765
2019-11-22 18:34:24,38.016,0.1022934,-0.4674999999999999,1863.5,0.0149132405945037,1.7350544544217688,5.842480721404765
2019-11-22 18:34:25,37.152,0.1022934,-0.915,1863.5,0.0131356025363356,1.7350544544217688,5.842480721404765
2019-11-22 18:34:26,32.508,0.2253897,-1.2675,988.25,0.0124651261609676,0.4405624163265306,1.4835139135855362
2019-11-22 18:34:27,25.416,-0.09312879,-1.405,921.0,0.0106741675203786,0.3093455238095238,1.0416648621626834
2019-11-22 18:34:28,19.764,-0.09312879,-1.3825,921.0,-0.0030643756355996,0.3093455238095238,1.0416648621626834
2019-11-22 18:34:29,16.92,-0.09312879,-1.1424999999999998,921.0,-0.0068125084445646,0.3093455238095238,1.0416648621626834
2019-11-22 18:34:30,12.6,-0.09312879,-0.91,921.0,-0.0084075667232918,0.3093455238095238,1.0416648621626834
2019-11-22 18:34:31,8.964,-0.09312879,-0.87,921.0,-0.0333323444746606,0.3093455238095238,1.0416648621626834
2019-11-22 18:34:32,6.66,-0.09312879,-0.1324999999999999,921.0,-0.0253702368373886,0.3093455238095238,1.0416648621626834
2019-11-22 18:34:33,4.392,-0.09312879,0.5149999999999999,921.0,-0.0020661641992172,0.3093455238095238,1.0422673288267454
2019-11-22 18:34:34,10.692,-1.005277,0.9725000000000004,883.5,-0.0088951779130485,0.3181839673469387,1.0714267153673314
2019-11-22 18:34:35,16.38,-1.005277,1.3450000000000004,883.5,0.00824650428762,0.3181839673469387,1.0714267153673314
2019-11-22 18:34:36,20.664,-0.8824233,1.14,1894.25,0.0215291698989017,1.525651330612245,5.137353737786949
2019-11-22 18:34:37,23.76,-0.8824233,0.9475,1894.25,0.0083053368359793,1.525651330612245,5.137353737786949
2019-11-22 18:34:38,27.108,0.5416462,0.8399999999999997,1777.75,-0.0052304739241933,1.603837561904762,5.400631669981913
2019-11-22 18:34:39,30.024,0.9189185,0.7949999999999998,1873.5,0.0058096329874353,1.6915421170068028,5.695960828704959
2019-11-22 18:34:40,32.76,0.9189185,0.7225,1873.5,-0.0040955168512815,1.6915421170068028,5.695960828704959
2019-11-22 18:34:41,35.208,0.7536476,0.6375000000000001,1926.75,0.0088655824519056,1.7438928979591837,5.872242574609413
2019-11-22 18:34:42,37.512,0.7536476,0.4425,1926.75,0.0128551304159015,1.7438928979591837,5.872242574609413
2019-11-22 18:34:43,39.204,0.7128498,0.2150000000000002,1985.75,0.0130926072015386,1.7785667918367347,5.9890006141045715
2019-11-22 18:34:44,39.132,0.7128498,-0.04,1985.75,0.018687593333036,1.7785667918367347,5.9890006141045715
2019-11-22 18:34:45,38.304,0.4456861,-0.2225,1270.75,0.0229555101667463,0.7145541659863945,2.4075229947184824
2019-11-22 18:34:46,36.936,0.008584799,-0.195,1030.75,0.0130616207148387,0.3419797768707483,1.151554781687538
2019-11-22 18:34:47,36.0,0.008584799,-0.0825000000000001,1030.75,0.002283211608654,0.3419797768707483,1.151554781687538
2019-11-22 18:34:48,36.324,-0.2430281,0.0374999999999999,1426.25,0.0036524834627581,0.834213093877551,2.8090610678540933
2019-11-22 18:34:49,37.116,-0.2430281,0.1100000000000002,1426.25,-0.0064902918133788,0.834213093877551,2.8090610678540933
2019-11-22 18:34:50,37.476,-0.01545965,0.1400000000000003,1124.75,-0.0136647859906466,0.6479258993197278,2.181772777233049
2019-11-22 18:34:51,37.584,-0.01545965,0.2150000000000002,1124.75,-0.0178978041473796,0.6479258993197278,2.181772777233049
2019-11-22 18:34:52,38.34,0.06984826,0.2275000000000002,1247.0,-0.018444583325992,0.4840747537414966,1.630033806285342
2019-11-22 18:34:53,40.212,0.06984826,0.2249999999999996,1247.0,-0.023378703391826,0.4840747537414966,1.630033806285342
2019-11-22 18:34:54,40.752,0.1577261,0.2824999999999998,1268.5,-0.0249360088819158,1.2550589823129257,4.22618315506003
2019-11-22 18:34:55,40.824,0.3260634,0.2174999999999998,1141.0,-0.0251906844012923,0.3657755863945578,1.2316828480077446
2019-11-22 18:34:56,42.408,0.3260634,0.13,1141.0,-0.0196780581462355,0.3657755863945578,1.2316828480077446
2019-11-22 18:34:57,43.344,0.3144992,0.0275,1188.5,-0.0132889969165407,0.9729086693877552,3.276093225834726
2019-11-22 18:34:58,42.624,0.3144992,-0.1325,1188.5,-0.0143452265355775,0.9729086693877552,3.276093225834726
2019-11-22 18:34:59,41.22,0.3144992,-0.2650000000000002,1188.5,-0.0104549183516025,0.9729086693877552,3.276093225834726
2019-11-22 18:35:00,40.5,0.3144992,-0.2925000000000002,1188.5,-0.0085690427110143,0.9729086693877552,3.276093225834726
2019-11-22 18:35:01,39.528,0.3144992,-0.2625000000000001,1188.5,-0.0066658790187206,0.9729086693877552,3.276093225834726
2019-11-22 18:35:02,38.412,0.3144992,-0.2799999999999998,1188.5,-0.0019446432627808,0.9729086693877552,3.276093225834726
2019-11-22 18:35:03,37.44,0.3144992,-0.26,1188.5,0.000870239078532,0.9729086693877552,3.276093225834726
2019-11-22 18:35:04,36.468,0.146162,-0.2174999999999998,1150.75,0.0076714616732902,0.3657755863945578,1.2316828480077446
2019-11-22 18:35:05,35.784,0.146162,-0.1274999999999999,1150.75,0.0087057101023939,0.3657755863945578,1.2316828480077446
2019-11-22 18:35:06,35.28,-0.1348357,-0.0350000000000003,909.0,0.0103775376116873,0.3066260027210884,1.0325073688689457
2019-11-22 18:35:07,35.604,-0.1348357,0.13,909.0,0.0026007165095095,0.3066260027210884,1.0325073688689457
2019-11-22 18:35:08,35.964,-0.2174792,0.17,1306.25,-0.0041102933359727,0.6350081741496599,2.138274684087794
2019-11-22 18:35:09,37.656,-0.2174792,0.1075000000000001,1306.25,-0.0113356059479059,0.6350081741496599,2.138274684087794
2019-11-22 18:35:10,37.728,0.04824186,0.0475000000000003,1122.25,-0.0147717790699267,1.4134710857142858,4.759607139420262
2019-11-22 18:35:11,37.152,0.04824186,0.0200000000000002,1122.25,-0.014093841017866,1.4134710857142858,4.759607139420262
2019-11-22 18:35:12,36.648,0.1308854,0.0425000000000001,1044.25,-0.0125406220076793,0.3480986993197279,1.1721591415984485
2019-11-22 18:35:13,37.944,-1.804112e-15,0.1075000000000001,1814.5,-0.0046950624739652,1.53448977414966,5.167115590991598
2019-11-22 18:35:14,38.34,-1.804112e-15,0.1999999999999996,1814.5,-0.007536101418917,1.53448977414966,5.167115590991598
2019-11-22 18:35:15,38.7,0.08272865,0.1724999999999996,1211.75,-0.0047065514322468,0.6050934421768708,2.0375422578566775
2019-11-22 18:35:16,39.528,0.08272865,0.1249999999999998,1211.75,-0.0145490490563026,0.6050934421768708,2.0375422578566775
2019-11-22 18:35:17,40.428,0.222852,0.0624999999999999,1557.25,-0.0122609727251719,1.1156835265306124,3.756861623755964
2019-11-22 18:35:18,40.14,0.222852,0.0075000000000002,1557.25,-0.0111474875109598,1.1156835265306124,3.756861623755964
2019-11-22 18:35:19,39.6,0.1401233,0.0200000000000002,1143.5,-0.0042634606938188,0.4303642122448979,1.449173313734019
2019-11-22 18:35:20,39.636,-0.08245083,0.1249999999999997,1469.25,-0.0020347630912094,0.7995392,2.6923030283589355
2019-11-22 18:35:21,40.716,-0.08245083,0.235,1469.25,0.0031869772656093,0.7995392,2.6923030283589355
2019-11-22 18:35:22,41.94,0.002691562,0.2849999999999999,1685.25,0.004713452957662,1.2972115591836737,4.3681243011129665
2019-11-22 18:35:23,42.984,0.002691562,0.2449999999999998,1685.25,0.0117421993729492,1.2972115591836737,4.3681243011129665
2019-11-22 18:35:24,43.74,0.3018146,0.1925000000000004,1662.0,0.0139516225748888,1.0796498721088437,3.6355248376139375
2019-11-22 18:35:25,44.244,0.3043215,0.1799999999999999,1717.75,0.0205507557620524,1.3815167129251702,4.652006593218841
2019-11-22 18:35:26,44.712,0.3043215,0.1899999999999997,1717.75,0.0285655752603671,1.3815167129251702,4.652006593218841
2019-11-22 18:35:27,45.576,0.1671092,0.1924999999999999,1932.0,0.0264666801480768,1.8757896707482993,6.316380999355701
2019-11-22 18:35:28,46.476,0.1671092,0.1899999999999997,1932.0,0.0183373067151474,1.8757896707482993,6.316380999355701
2019-11-22 18:35:29,47.016,0.1595516,0.1374999999999998,1869.5,0.0272318542214536,1.917262367346939,6.456032772085202
2019-11-22 18:35:30,47.448,0.1595516,-0.0425000000000001,1869.5,0.0279263273792906,1.917262367346939,6.456032772085202
2019-11-22 18:35:31,47.556,0.1502839,-0.2174999999999998,1877.75,0.0302453454224759,1.7438928979591837,5.872242574609413
2019-11-22 18:35:32,45.864,0.07019226,-0.4149999999999999,1387.25,0.0365824592024065,0.7009565605442177,2.360343896460938
2019-11-22 18:35:33,43.884,0.07019226,-0.5399999999999997,1387.25,0.0474521104057586,0.7009565605442177,2.360343896460938
2019-11-22 18:35:34,41.472,-0.3191977,-0.5024999999999998,1242.5,0.0302473800468848,0.3950104380952381,1.3301259009154265
2019-11-22 18:35:35,39.78,-0.3191977,-0.495,1242.5,0.0312178205017662,0.3950104380952381,1.3301259009154265
2019-11-22 18:35:36,38.628,-0.5816399,-0.8500000000000001,1448.0,0.0298291305554915,0.9314359727891156,3.1364414531052223
2019-11-22 18:35:37,36.756,-0.5816399,-1.2925000000000002,1448.0,0.0418466452207239,0.9314359727891156,3.1364414531052223
2019-11-22 18:35:38,29.232,-0.4006486,-1.83,1050.25,0.0455115818844375,0.5037912816326531,1.6964256326649418
2019-11-22 18:35:39,21.168,-1.272721,-2.0500000000000003,919.75,0.0622775676271609,0.3120650448979591,1.050822355456421
2019-11-22 18:35:40,12.276,-1.272721,-1.7575000000000005,919.75,0.0643862447456879,0.3120650448979591,1.050822355456421
2019-11-22 18:35:41,7.236,-2.207765,-1.2525,802.5,0.0688540522653711,0.3120650448979591,1.050822355456421
2019-11-22 18:35:42,3.924,-2.207765,-0.59,802.5,0.0629210672592117,0.3120650448979591,1.050822355456421
2019-11-22 18:35:43,3.132,-2.207765,-0.2449999999999999,802.5,0.0608081228311499,0.3120650448979591,1.050822355456421
2019-11-22 18:35:44,3.78,-2.207765,0.0925,802.5,0.0279082744857283,0.3120650448979591,1.050822355456421
2019-11-22 18:35:45,3.708,-1.68626,0.0925,733.0,0.0167662424610087,0.3032266013605442,1.0210605022517731
2019-11-22 18:35:46,5.256,-1.68626,0.1149999999999999,733.0,0.0215565308778047,0.3032266013605442,1.0210605022517731
2019-11-22 18:35:47,4.464,-0.5809504,0.4474999999999999,855.75,0.0263468192946007,0.4160867265306123,1.4010964739418952
2019-11-22 18:35:48,5.436,-0.5809504,0.6299999999999999,855.75,0.0212545777667241,0.4160867265306123,1.4010964739418952
2019-11-22 18:35:49,10.152,-0.0508373,1.0099999999999998,1772.5,0.0469492401562071,1.429108331972789,4.812262725859254
2019-11-22 18:35:50,14.328,0.5525159,1.2125,1835.0,0.0383024995083369,1.673865229931973,5.636437122295663
2019-11-22 18:35:51,19.008,0.5525159,1.14,1835.0,0.0233666433752006,1.673865229931973,5.636437122295663
2019-11-22 18:35:52,22.896,0.5525159,1.02,1835.0,0.0084307872420644,1.673865229931973,5.636437122295663
2019-11-22 18:35:53,26.568,1.235256,0.8050000000000002,2082.0,-0.0027705228270454,1.9893296761904764,6.698706344369257
2019-11-22 18:35:54,29.016,1.128171,0.6400000000000001,1826.0,-0.0130290593650331,2.106269082993198,7.0924785559999854
2019-11-22 18:35:55,30.6,1.128171,0.4849999999999999,1826.0,0.000423521602204,2.106269082993198,7.0924785559999854
2019-11-22 18:35:56,32.112,0.7854113,0.4125000000000003,1879.0,-0.0005702102390776,1.717377567346939,5.782957014995469
2019-11-22 18:35:57,33.552,0.7854113,0.4175,1879.0,0.0065711405664646,1.717377567346939,5.782957014995469
2019-11-22 18:35:58,34.956,0.4921715,0.4274999999999999,1917.5,0.0133125924322995,1.7874052353741496,6.0187624673092195
2019-11-22 18:35:59,36.612,0.4921715,0.4100000000000002,1917.5,0.0345332368380471,1.7874052353741496,6.0187624673092195
2019-11-22 18:36:00,38.268,0.4001251,0.3474999999999998,2056.0,0.0329722891478805,2.095390998639456,7.055848582825034
2019-11-22 18:36:01,39.456,0.3825884,0.25,2007.0,0.0385927862914674,1.7615697850340135,5.93176628101871
2019-11-22 18:36:02,39.96,0.3825884,0.1175,2007.0,0.0445956869602377,1.7615697850340135,5.93176628101871
2019-11-22 18:36:03,40.212,0.4028385,0.0324999999999997,1983.25,0.0580662126012451,1.717377567346939,5.782957014995469
2019-11-22 18:36:04,39.96,0.1852889,0.0275,1524.0,0.0498303330641886,1.0796498721088437,3.6355248376139375
2019-11-22 18:36:05,39.924,0.1852889,0.0574999999999997,1524.0,0.0517199443741229,1.0796498721088437,3.6355248376139375
2019-11-22 18:36:06,40.356,-1.804112e-15,0.1274999999999999,1777.75,0.0520053112212053,1.5603252244897958,5.254111777282106
2019-11-22 18:36:07,41.04,-1.804112e-15,0.1750000000000002,1777.75,0.0444909447558412,1.5603252244897958,5.254111777282106
2019-11-22 18:36:08,41.796,-1.804112e-15,0.1624999999999997,1777.75,0.0316464383463906,1.5603252244897958,5.254111777282106
2019-11-22 18:36:09,42.444,-1.804112e-15,0.1924999999999999,1777.75,0.0260427395584156,1.5603252244897958,5.254111777282106
2019-11-22 18:36:10,42.696,-1.804112e-15,0.1625000000000002,1777.75,0.021759054197587,1.5603252244897958,5.254111777282106
2019-11-22 18:36:11,43.812,-1.804112e-15,0.1349999999999996,1777.75,0.0166985263232026,1.5603252244897958,5.254111777282106
2019-11-22 18:36:12,44.136,-1.804112e-15,0.0700000000000002,1777.75,0.0134503040683121,1.5603252244897958,5.254111777282106
2019-11-22 18:36:13,44.388,-1.804112e-15,0.0275,1777.75,0.0113459719722665,1.5603252244897958,5.254111777282106
2019-11-22 18:36:14,43.704,0.06746113,0.0499999999999999,1760.0,0.0061789875045417,1.5691636680272107,5.283873630486754
2019-11-22 18:36:15,44.208,0.06746113,0.105,1760.0,0.0033238487576701,1.5691636680272107,5.283873630486754
2019-11-22 18:36:16,44.856,0.1229254,0.2475,1509.0,-0.0005643807695807,1.0021435210884355,3.3745362787424074
2019-11-22 18:36:17,45.9,0.1381433,0.2950000000000002,1755.0,-0.0038030612767592,1.4053125224489798,4.7321346595390485
2019-11-22 18:36:18,47.268,0.1381433,0.2399999999999997,1755.0,-0.0108825263450988,1.4053125224489798,4.7321346595390485
2019-11-22 18:36:19,48.456,0.3448698,0.1375000000000002,1651.5,-0.0122363260940599,1.4447455782312923,4.864918312298247
2019-11-22 18:36:20,48.312,0.3448698,0.0175000000000001,1651.5,-0.0119726038862333,1.4447455782312923,4.864918312298247
2019-11-22 18:36:21,47.88,0.2621907,-0.0725000000000002,1186.0,-0.0037858154561035,0.3718945088435374,1.2522872079186544
2019-11-22 18:36:22,47.52,0.2621907,-0.0774999999999999,1186.0,0.0012213654748991,0.3718945088435374,1.2522872079186544
2019-11-22 18:36:23,47.412,-0.08128416,-0.1549999999999999,1064.0,0.0150287184086008,0.3243028897959183,1.0920310752782416
2019-11-22 18:36:24,47.196,-0.08128416,-0.2675000000000003,970.25,0.0248875961913747,0.3066260027210884,1.0325073688689457
2019-11-22 18:36:25,45.648,-0.08128416,-0.3525,970.25,0.0325309775134651,0.3066260027210884,1.0325073688689457
2019-11-22 18:36:26,43.668,-0.08128416,-0.4149999999999999,970.25,0.0284339203948636,0.3066260027210884,1.0325073688689457
2019-11-22 18:36:27,42.336,-0.08128416,-0.3500000000000004,970.25,0.0292115279612869,0.3066260027210884,1.0325073688689457
2019-11-22 18:36:28,41.22,-0.08128416,-0.1575,970.25,0.0242573033658646,0.3066260027210884,1.0325073688689457
2019-11-22 18:36:29,40.608,-0.08128416,-0.015,970.25,0.0180824640959203,0.3066260027210884,1.0325073688689457
2019-11-22 18:36:30,41.4,-0.08128416,-0.0199999999999997,970.25,0.0173688889959068,0.3066260027210884,1.0325073688689457
2019-11-22 18:36:31,42.12,-0.08128416,-0.0899999999999999,970.25,0.0206236070270847,0.3066260027210884,1.0325073688689457
2019-11-22 18:36:32,40.932,-0.08128416,-0.2524999999999997,970.25,0.0141934714148701,0.3066260027210884,1.0325073688689457
2019-11-22 18:36:33,39.312,-0.08128416,-0.4674999999999999,970.25,0.0208287266123315,0.3066260027210884,1.0325073688689457
2019-11-22 18:36:34,37.764,-0.08128416,-0.495,970.25,0.0156289795824857,0.3066260027210884,1.0325073688689457
2019-11-22 18:36:35,35.388,-0.08128416,-0.3324999999999998,970.25,0.009485252010014,0.3066260027210884,1.0325073688689457
2019-11-22 18:36:36,33.804,-0.08259363,2.7755575615628914e-17,894.0,0.0090342249913423,0.2855497142857143,0.9615367958424772
2019-11-22 18:36:37,34.524,-0.08259363,0.3675000000000001,894.0,0.0042734096624485,0.2855497142857143,0.9615367958424772
2019-11-22 18:36:38,37.764,-0.2217135,0.4999999999999996,2087.0,-0.0015218690598066,2.1837754340136053,7.353467114871514
2019-11-22 18:36:39,40.68,-0.2217135,0.5649999999999996,2087.0,0.0002637866126119,2.1837754340136053,7.353467114871514
2019-11-22 18:36:40,41.004,0.2875632,0.4624999999999998,1922.75,0.0033983557615727,1.848594459863946,6.224806066418322
2019-11-22 18:36:41,42.66,0.5916677,0.2275000000000002,1877.5,-0.0003096876816945,1.8050821224489797,6.078286173718515
2019-11-22 18:36:42,44.424,0.5916677,0.2225,1877.5,0.0054293349703262,1.8050821224489797,6.078286173718515
2019-11-22 18:36:43,43.956,0.414175,0.13,1383.5,-0.0010071125251514,0.8389722557823129,2.825086681118135
2019-11-22 18:36:44,44.208,0.414175,0.0300000000000001,1383.5,-0.0027106354620741,0.8389722557823129,2.825086681118135
2019-11-22 18:36:45,44.532,0.2491903,0.0299999999999996,1548.5,0.0023165599612654,1.0796498721088437,3.6355248376139375
2019-11-22 18:36:46,44.856,0.2491903,-0.0724999999999997,1548.5,0.0086341166971152,1.0796498721088437,3.6355248376139375
2019-11-22 18:36:47,44.388,0.08288618,-0.2924999999999997,1388.0,0.0085056191480298,0.8389722557823129,2.825086681118135
2019-11-22 18:36:48,43.164,0.002040289,-0.5625,1014.75,0.0224510336188742,0.339260255782313,1.1423972883938005
2019-11-22 18:36:49,40.32,0.002040289,-0.6724999999999998,1014.75,0.0201484036722587,0.339260255782313,1.1423972883938005
2019-11-22 18:36:50,36.756,-0.4176365,-0.8724999999999999,936.5,0.0120712227017595,0.3093455238095238,1.0416648621626834
2019-11-22 18:36:51,34.704,-0.4176365,-0.8974999999999999,936.5,-0.0012412818654205,0.3093455238095238,1.0416648621626834
2019-11-22 18:36:52,30.6,-0.7440699,-0.7875,892.0,0.0092667862486819,0.3066260027210884,1.0325073688689457
2019-11-22 18:36:53,27.396,-0.7440699,-0.7725000000000002,892.0,-0.0022903554144609,0.3066260027210884,1.0325073688689457
2019-11-22 18:36:54,25.416,-0.9155164,-0.6075000000000002,918.0,0.0004779966211464,0.3066260027210884,1.0325073688689457
2019-11-22 18:36:55,23.58,-0.856406,-0.4850000000000001,976.0,-0.002968385539164,0.3120650448979591,1.050822355456421
2019-11-22 18:36:56,21.852,-0.856406,-0.6599999999999999,976.0,0.0015834456968566,0.3120650448979591,1.050822355456421
2019-11-22 18:36:57,20.412,-0.856406,-0.8374999999999999,976.0,0.0038356042660292,0.3120650448979591,1.050822355456421
2019-11-22 18:36:58,15.912,-0.856406,-0.96,976.0,0.0132556358327645,0.3120650448979591,1.050822355456421
2019-11-22 18:36:59,11.52,-0.856406,-0.8849999999999999,976.0,0.0060180462141408,0.3120650448979591,1.050822355456421
2019-11-22 18:37:00,8.028,-0.856406,-0.5250000694444446,976.0,-0.0012195434044827,0.3120650448979591,1.050822355456421
2019-11-22 18:37:01,7.668,-0.856406,-0.1450000694444445,976.0,0.001413706935162,0.3120650448979591,1.050822355456421
2019-11-22 18:37:02,8.351999,-0.856406,0.365,976.0,-0.0113549772813911,0.3120650448979591,1.050822355456421
2019-11-22 18:37:03,9.431999,-0.5217947,0.4125,942.25,-0.001843473750494,0.3243028897959183,1.0920310752782416
2019-11-22 18:37:04,13.284,-0.3782859,0.3775000694444445,1382.75,0.0273190533218537,1.212226525170068,4.081952635683658
2019-11-22 18:37:05,13.608,-0.3782859,0.3525000694444444,1382.75,0.0497725720806934,1.212226525170068,4.081952635683658
2019-11-22 18:37:06,13.788,-0.3782859,0.2,1382.75,0.0603368316700329,1.212226525170068,4.081952635683658
2019-11-22 18:37:07,14.508,-0.3782859,0.2249999999999998,1382.75,0.0655895514595488,1.212226525170068,4.081952635683658
2019-11-22 18:37:08,16.164,-0.3782859,0.2249999999999999,1382.75,0.0535690033462171,1.212226525170068,4.081952635683658
2019-11-22 18:37:09,16.848,-0.3782859,0.165,1382.75,0.03853557571394,1.212226525170068,4.081952635683658
2019-11-22 18:37:10,17.028,-0.3782859,-0.06,1382.75,0.0399121453115425,1.212226525170068,4.081952635683658
2019-11-22 18:37:11,16.884,0.05213252,-0.3849999999999999,1412.0,0.0396019654769907,0.7995392,2.6923030283589355
2019-11-22 18:37:12,15.3,0.05213252,-0.6499999999999999,1412.0,0.0216624996130975,0.7995392,2.6923030283589355
2019-11-22 18:37:13,11.304,0.05213252,-0.63,1412.0,0.0133083611183424,0.7995392,2.6923030283589355
2019-11-22 18:37:14,7.668,0.05213252,-0.36,1412.0,0.0099463158271863,0.7995392,2.6923030283589355
2019-11-22 18:37:15,7.812,0.2567927,-0.1424999999999999,951.5,0.003613740013613,0.3419797768707483,1.151554781687538
2019-11-22 18:37:16,10.116,0.2567927,-0.2475,951.5,0.0069058706815249,0.3419797768707483,1.151554781687538
2019-11-22 18:37:17,9.252,-0.2505419,-0.44,1406.25,0.0331388271786017,1.0796498721088437,3.6355248376139375
2019-11-22 18:37:18,4.104,-0.3904373,-0.6,751.25,0.0311437941258597,0.339260255782313,1.1423972883938005
2019-11-22 18:37:19,1.476,-0.3904373,-0.56,751.25,0.0271695473884643,0.339260255782313,1.1423972883938005
2019-11-22 18:37:20,1.476,-0.3904373,0.09,751.25,0.0271695473884643,0.339260255782313,1.1423972883938005
2019-11-22 18:37:21,1.188,-0.3904373,0.3725,751.25,0.0297044555957783,0.339260255782313,1.1423972883938005
2019-11-22 18:37:22,5.4,-0.3904373,0.49,751.25,0.0243014067537615,0.339260255782313,1.1423972883938005
2019-11-22 18:37:23,6.84,-0.3904373,0.5975,751.25,0.0188983579117447,0.339260255782313,1.1423972883938005
2019-11-22 18:37:24,8.532,-0.5605886,0.2624999999999999,978.25,0.0321379712504086,0.2801106721088436,0.9432218092550012
2019-11-22 18:37:25,9.792,-0.5605886,0.2025000694444444,978.25,0.0307513900498077,0.2801106721088436,0.9432218092550012
2019-11-22 18:37:26,9.18,-0.5605886,0.1324999999999999,978.25,0.0301518534031532,0.2801106721088436,0.9432218092550012
2019-11-22 18:37:27,9.756001,-0.5605886,0.0375,978.25,0.016379634191418,0.2801106721088436,0.9432218092550012
2019-11-22 18:37:28,10.44,-0.5605886,0.1649999999999999,978.25,0.0026074149796828,0.2801106721088436,0.9432218092550012
2019-11-22 18:37:29,10.332,-0.5605886,0.1549999305555555,978.25,-0.0220253021192247,0.2801106721088436,0.9432218092550012
2019-11-22 18:37:30,11.556,-0.5605886,0.12,978.25,-0.0185015102272145,0.2801106721088436,0.9432218092550012
2019-11-22 18:37:31,11.988,-0.5605886,0.2724999999999999,978.25,-0.03128027642533,0.2801106721088436,0.9432218092550012
2019-11-22 18:37:32,12.168,-0.5605886,0.0275,978.25,-0.0259072002044122,0.2801106721088436,0.9432218092550012
2019-11-22 18:37:33,14.256,-0.2141714,-0.2600000694444443,953.0,-0.0205341239834944,0.4371630149659863,1.4720670469683637
2019-11-22 18:37:34,11.952,-0.2141714,-0.2899999999999999,953.0,-0.0008262953483279,0.4371630149659863,1.4720670469683637
2019-11-22 18:37:35,8.243999,0.2676197,-0.43,915.5,0.0053512188351856,0.3657755863945578,1.2316828480077446
2019-11-22 18:37:36,7.992,0.2676197,-0.1925,915.5,0.0167568255312752,0.3657755863945578,1.2316828480077446
2019-11-22 18:37:37,8.064,0.2676197,0.0800000694444444,915.5,0.0045820752711817,0.3657755863945578,1.2316828480077446
2019-11-22 18:37:38,9.18,-0.3181732,0.1125,736.5,0.0035509704620528,0.2855497142857143,0.9615367958424772
2019-11-22 18:37:39,9.396,-0.3181732,-0.0525,736.5,0.0020369427293159,0.2855497142857143,0.962092918916996
2019-11-22 18:37:40,9.612,-0.2981972,-0.2299999999999999,867.0,0.0035234393735169,0.3990897197278911,1.3438621408560334
2019-11-22 18:37:41,7.308,-0.2981972,0.0099999999999998,867.0,0.002057743702657,0.3990897197278911,1.3438621408560334
2019-11-22 18:37:42,5.868,-0.07341593,0.3274999999999999,671.75,0.016753169513033,0.2726319891156462,0.918038702697222
2019-11-22 18:37:43,9.54,-0.07341593,0.5325000000000001,671.75,0.007391819520448,0.2726319891156462,0.918038702697222
2019-11-22 18:37:44,14.328,-0.07341593,0.6749999999999999,671.75,0.019640293705879,0.2726319891156462,0.918038702697222
2019-11-22 18:37:45,14.976,-0.07341593,0.5325,671.75,0.0288882435143721,0.2726319891156462,0.918038702697222
2019-11-22 18:37:46,15.588,0.1672254,0.3249999999999999,1351.75,0.0098872934346168,0.6050934421768708,2.0375422578566775
2019-11-22 18:37:47,17.208,0.3908706,0.245,1572.75,-0.0066735810241437,0.8192557278911565,2.7586948547385357
2019-11-22 18:37:48,19.008,0.3908706,0.0025,1572.75,-0.0072106767020084,0.8192557278911565,2.7586948547385357
2019-11-22 18:37:49,18.504,0.3908706,-0.1324999999999998,1572.75,-0.0191435262274102,0.8192557278911565,2.7586948547385357
2019-11-22 18:37:50,15.624,0.3908706,-0.2799999999999998,1572.75,-0.0161097722318675,0.8192557278911565,2.7586948547385357
2019-11-22 18:37:51,15.3,0.2311475,-0.245,778.5,-0.0102417826852708,0.4337636136054422,1.4606201803511911
2019-11-22 18:37:52,14.976,0.2311475,0.0124999999999999,778.5,-0.0151719827559181,0.4337636136054422,1.4606201803511911
2019-11-22 18:37:53,14.976,0.0454369,0.2899999999999998,782.5,-0.023212831255465,0.3093455238095238,1.0416648621626834
2019-11-22 18:37:54,15.804,0.0454369,0.4699999999999998,782.5,-0.0444590816889591,0.3093455238095238,1.0416648621626834
2019-11-22 18:37:55,19.476,0.0454369,0.5349999999999999,782.5,-0.0697470634275194,0.3093455238095238,1.0416648621626834
2019-11-22 18:37:56,21.744,0.0454369,0.485,782.5,-0.0734120324368603,0.3093455238095238,1.0416648621626834
2019-11-22 18:37:57,22.68,-0.0356458,0.1725000000000001,1707.75,-0.0708367027258436,1.008262443537415,3.3951406386533183
2019-11-22 18:37:58,22.788,-0.0356458,-0.1425,1707.75,-0.0551027108865143,1.008262443537415,3.3951406386533183
2019-11-22 18:37:59,21.96,0.3009237,-0.5325,1003.75,-0.0423518794990518,0.339260255782313,1.1423972883938005
2019-11-22 18:38:00,19.692,0.3009237,-0.9925000694444446,1003.75,-0.0411255240491179,0.339260255782313,1.1423972883938005
2019-11-22 18:38:01,15.012,0.3009237,-1.0950000000000002,1003.75,-0.04320194360188,0.339260255782313,1.1423972883938005
2019-11-22 18:38:02,8.495999,0.3009237,-0.905,1003.75,-0.0337781441298351,0.339260255782313,1.1423972883938005
2019-11-22 18:38:03,6.192,0.3009237,-0.5775000000000001,1003.75,-0.0375130067861029,0.339260255782313,1.1423972883938005
2019-11-22 18:38:04,6.66,0.3009237,-0.0099999999999999,1003.75,-0.0382647089905037,0.339260255782313,1.1423972883938005
2019-11-22 18:38:05,6.696,0.3009237,0.3049999999999999,1003.75,-0.0384168074732543,0.339260255782313,1.1423972883938005
2019-11-22 18:38:06,8.351999,0.3009237,0.41,1003.75,-0.012565037053807,0.339260255782313,1.1423972883938005
2019-11-22 18:38:07,10.584,0.3009237,0.7000000000000001,1003.75,0.0028284447983973,0.339260255782313,1.1423972883938005
2019-11-22 18:38:08,12.564,0.05651023,0.7300000694444446,915.0,0.0043345199337246,0.3154644462585034,1.0622692220735934
2019-11-22 18:38:09,16.776,0.05651023,0.7850000000000003,915.0,0.0002588053020729,0.3154644462585034,1.0622692220735934
2019-11-22 18:38:10,18.864,-0.2383977,0.7324999999999999,1569.0,-0.0011408569472972,0.6744412299319729,2.2710583368469934
2019-11-22 18:38:11,21.888,-0.2383977,0.5275,1569.0,-0.0177002073860979,0.6744412299319729,2.2710583368469934
2019-11-22 18:38:12,23.112,0.2589267,0.3975,1805.25,-0.0264770188443916,1.2407814965986397,4.1781063152679065
2019-11-22 18:38:13,24.372,0.2589267,0.1174999999999997,1805.25,-0.0213637956779544,1.2407814965986397,4.1781063152679065
2019-11-22 18:38:14,24.588,0.2589267,-0.0724999999999997,1805.25,-0.0130496267331138,1.2407814965986397,4.1781063152679065
2019-11-22 18:38:15,23.58,0.5447896,-0.2175,991.0,-0.0029816386439125,0.339260255782313,1.1423972883938005
2019-11-22 18:38:16,22.068,0.5447896,-0.2875,991.0,-0.0033459532652893,0.339260255782313,1.1423972883938005
2019-11-22 18:38:17,21.24,0.134657,-0.2475,969.75,-0.0029849033935097,0.3304218122448979,1.112635435189152
2019-11-22 18:38:18,20.448,0.134657,-0.1775,969.75,0.0061795623408469,0.3304218122448979,1.112635435189152
2019-11-22 18:38:19,20.016,0.134657,-0.1299999999999999,969.75,0.0107786595771259,0.3304218122448979,1.112635435189152
2019-11-22 18:38:20,19.512,-0.1564499,-0.1424999999999999,936.0,0.0096496938973955,0.3154644462585034,1.0622692220735934
2019-11-22 18:38:21,19.368,-0.1564499,-0.2199999999999999,936.0,0.0122930261236012,0.3154644462585034,1.0622692220735934
2019-11-22 18:38:22,18.396,-0.1670224,-0.3500000000000001,872.0,0.0214253902914721,0.321583368707483,1.082873581984504
2019-11-22 18:38:23,16.848,-0.1670224,-0.5025,872.0,0.022855032748499,0.321583368707483,1.082873581984504
2019-11-22 18:38:24,14.472,-0.1670224,-0.5,872.0,0.0145817350164925,0.321583368707483,1.082873581984504
2019-11-22 18:38:25,12.132,-0.1670224,-0.3774999999999999,872.0,0.0142325672866867,0.321583368707483,1.082873581984504
2019-11-22 18:38:26,11.196,-0.2211679,-0.2749999999999999,779.75,0.016793650259427,0.3154644462585034,1.0622692220735934
2019-11-22 18:38:27,11.412,-0.2211679,-0.4,779.75,0.0169923016068908,0.3154644462585034,1.0622692220735934
2019-11-22 18:38:28,10.512,-0.3178682,-0.5775,947.0,0.016087630894768,0.3331413333333333,1.1217929284828898
2019-11-22 18:38:29,6.372,-0.3178682,-0.6000000000000001,947.0,0.0318321128583319,0.3331413333333333,1.1217929284828898
2019-11-22 18:38:30,2.88,-0.4154205,-0.5850000000000001,676.0,0.040950656209062,0.3270224108843537,1.1011885685719796
2019-11-22 18:38:31,2.772,-0.4154205,-0.27,676.0,0.0500691995597921,0.3270224108843537,1.1011885685719796
2019-11-22 18:38:32,2.088,-0.4154205,0.0175,676.0,0.0500691995597921,0.3270224108843537,1.1011885685719796
2019-11-22 18:38:33,2.484,-0.4154205,0.285,676.0,0.0469542331426214,0.3270224108843537,1.1011885685719796
2019-11-22 18:38:34,3.132,-0.4691969,0.5225,751.0,0.0280646037878918,0.3304218122448979,1.112635435189152
2019-11-22 18:38:35,6.876,-0.04248488,0.6225,1394.0,0.0091749744331622,1.068091907482993,3.596605491115551
2019-11-22 18:38:36,9.612,-0.04248488,0.5874999999999999,1394.0,-0.0038823804921216,1.068091907482993,3.596605491115551
2019-11-22 18:38:37,11.448,0.6154285,0.3175,1225.5,-0.0169397354174056,0.6656027863945578,2.241296483642345
2019-11-22 18:38:38,11.592,0.6154285,0.0849999999999999,1225.5,-0.0268821239255188,0.6656027863945578,2.241296483642345
2019-11-22 18:38:39,11.448,0.6154285,-0.01,1225.5,-0.0129578049547228,0.6656027863945578,2.241296483642345
2019-11-22 18:38:40,10.836,0.5046464,-0.0475,989.5,0.0088359222883069,0.3780134312925169,1.2728915678295647
2019-11-22 18:38:41,11.304,0.5046464,0.0374999999999999,989.5,0.0197713220610064,0.3780134312925169,1.2728915678295647
2019-11-22 18:38:42,10.908,0.08409415,0.0499999999999999,942.5,0.0203983662571672,0.3746140299319728,1.2614447012123924
2019-11-22 18:38:43,11.988,0.08409415,-0.0275,942.5,0.0210254104533279,0.3746140299319728,1.2614447012123924
2019-11-22 18:38:44,11.556,-1.484923e-15,0.09,1010.5,0.032387387701511,0.4194861278911564,1.4125433405590675
2019-11-22 18:38:45,10.908,-1.484923e-15,0.19,1010.5,0.0358799566774602,0.4194861278911564,1.4125433405590675
2019-11-22 18:38:46,12.204,-1.484923e-15,0.3349999999999999,931.75,0.027625235566409,0.3154644462585034,1.0622692220735934
2019-11-22 18:38:47,14.724,0.1593799,0.4825000000000001,1395.25,0.0296788700318964,0.8049782421768708,2.7106180149464114
2019-11-22 18:38:48,16.38,0.1593799,0.3799999999999998,1395.25,0.0344751732918072,0.8049782421768708,2.7106180149464114
2019-11-22 18:38:49,17.856,0.1593799,0.2449999999999999,1395.25,0.0122759763576885,0.8049782421768708,2.7106180149464114
2019-11-22 18:38:50,17.676,0.1593799,0.1200000000000001,1395.25,-0.0032677902125843,0.8049782421768708,2.7106180149464114
2019-11-22 18:38:51,18.252,0.1593799,-0.0050000000000001,1395.25,-0.00881762422817,0.8049782421768708,2.7106180149464114
2019-11-22 18:38:52,18.108,0.1593799,-0.0524999999999997,1395.25,-0.0082292085465952,0.8049782421768708,2.7106180149464114
2019-11-22 18:38:53,17.784,0.411088,-0.1524999999999998,865.5,0.0020022087573447,0.8600485442176872,2.8960572541446035
2019-11-22 18:38:54,16.92,0.411088,-0.345,865.5,0.0113297253888966,0.8600485442176872,2.8960572541446035
2019-11-22 18:38:55,16.056,0.2754247,-0.5725,810.75,0.0118705196743969,0.3120650448979591,1.050822355456421
2019-11-22 18:38:56,13.14,-0.144949,-0.7350000000000001,742.0,0.0121603256593812,0.3120650448979591,1.050822355456421
2019-11-22 18:38:57,9.54,-0.144949,-0.805,742.0,0.0167982096774909,0.3120650448979591,1.050822355456421
2019-11-22 18:38:58,6.336,-0.6821567,-0.6525000000000001,717.25,0.0090504232788122,0.3181839673469387,1.0714267153673314
2019-11-22 18:38:59,4.464,-0.6821567,-0.3674999999999999,717.25,4.143446773998069e-05,0.3181839673469387,1.0714267153673314
2019-11-22 18:39:00,3.744,-0.8440293,-0.0425,656.25,-0.0068362623611262,0.2882692353741497,0.970694289136215
2019-11-22 18:39:01,4.248,-0.4051726,0.3074999999999999,974.75,0.0067578850091215,0.447361219047619,1.5064076468198806
2019-11-22 18:39:02,5.724,-0.4051726,0.5449999999999999,974.75,0.0098657046490833,0.447361219047619,1.5064076468198806
2019-11-22 18:39:03,8.892,0.1144334,0.6249999999999999,1449.25,0.0129735242890452,0.920557888435374,3.099811479930271
2019-11-22 18:39:04,11.592,0.1144334,0.3674999999999999,1449.25,0.0084252183799917,0.920557888435374,3.099811479930271
2019-11-22 18:39:05,13.248,0.5955735,-0.0399999999999999,1229.25,-0.0058308999321892,0.6880388353741497,2.3168458033156827
2019-11-22 18:39:06,11.016,0.5955735,-0.2575,1229.25,-0.0302243406799233,0.6880388353741497,2.3168458033156827
2019-11-22 18:39:07,8.316,0.5811205,-0.285,952.0,-0.052499051361282,0.3746140299319728,1.2614447012123924
2019-11-22 18:39:08,7.884,-0.1082046,-0.0249999999999999,816.5,-0.0747737620426407,0.3358608544217688,1.130950421776628
2019-11-22 18:39:09,9.144,-0.1082046,0.4149999999999999,816.5,-0.0790587214895458,0.3358608544217688,1.130950421776628
2019-11-22 18:39:10,10.656,-0.2828194,0.5974999999999999,1035.5,-0.0561303571676262,0.2916686367346939,0.9821411557533872
2019-11-22 18:39:11,14.292,-0.2828194,0.5325000000000001,1035.5,-0.0396360936758332,0.2916686367346939,0.9821411557533872
2019-11-22 18:39:12,16.488,0.2394301,0.485,1536.25,-0.023950149213898,1.0857687945578232,3.656129197524847
2019-11-22 18:39:13,16.812,0.2394301,0.1974999999999999,1536.25,-0.006156707386549,1.0857687945578232,3.656129197524847
2019-11-22 18:39:14,17.64,0.5635779,-0.0275,1496.5,0.0166749669050143,0.7947800380952381,2.6762774150948947
2019-11-22 18:39:15,17.136,0.5635779,-0.1225,1496.5,-0.0043151451162666,0.7947800380952381,2.6762774150948947
2019-11-22 18:39:16,16.092,0.3874519,-0.2325,871.5,0.0027472843182949,0.4262849306122449,1.435437073793412
2019-11-22 18:39:17,15.048,0.3874519,-0.2349999999999999,871.5,0.0084993027163388,0.4262849306122449,1.435437073793412
2019-11-22 18:39:18,14.292,0.3874519,-0.1574999999999999,871.5,-0.0103389112768458,0.4262849306122449,1.435437073793412
2019-11-22 18:39:19,13.752,0.3874519,-0.0525,871.5,-0.0055879719507617,0.4262849306122449,1.435437073793412
2019-11-22 18:39:20,13.824,0.3874519,0.0124999999999999,871.5,0.0284756631673897,0.4262849306122449,1.435437073793412
2019-11-22 18:39:21,14.292,0.3874519,0.0624999999999999,871.5,0.037616734769978,0.4262849306122449,1.435437073793412
2019-11-22 18:39:22,14.472,0.3874519,0.0449999999999999,871.5,0.0292367842656505,0.4262849306122449,1.435437073793412
2019-11-22 18:39:23,14.652,0.3874519,-0.03,871.5,0.0433395687871378,0.4262849306122449,1.435437073793412
2019-11-22 18:39:24,14.472,0.3874519,-0.0999999999999999,871.5,0.0431791783413326,0.4262849306122449,1.435437073793412
2019-11-22 18:39:25,13.86,0.3874519,-0.1549999999999999,871.5,0.0400223670506073,0.4262849306122449,1.435437073793412
2019-11-22 18:39:26,13.032,0.3874519,-0.1825,871.5,0.0117469547289057,0.4262849306122449,1.435437073793412
2019-11-22 18:39:27,12.42,0.3874519,-0.26,871.5,0.00099256451412,0.4262849306122449,1.435437073793412
2019-11-22 18:39:28,11.844,0.3874519,-0.3125,871.5,0.0029322436199511,0.4262849306122449,1.435437073793412
2019-11-22 18:39:29,10.116,0.3874519,-0.3125,871.5,-0.0097877642262971,0.4262849306122449,1.435437073793412
2019-11-22 18:39:30,8.532,-0.01146337,-0.0674999999999999,921.75,-0.0227068376862246,0.4262849306122449,1.435437073793412
2019-11-22 18:39:31,7.92,-0.01146337,0.1650000000000001,921.75,-0.0035428758553305,0.4262849306122449,1.436267286097515
2019-11-22 18:39:32,10.872,-0.1527643,0.3974999999999999,1525.75,0.0184236734165113,1.0980066394557824,3.697337917346667
2019-11-22 18:39:33,12.492,-0.1527643,0.32,1525.75,0.0251917094176825,1.0980066394557824,3.697337917346667
2019-11-22 18:39:34,14.256,-0.1527643,0.0124999999999999,1525.75,0.0322552215547426,1.0980066394557824,3.697337917346667
2019-11-22 18:39:35,12.528,-0.1527643,-0.105,1525.75,0.0380066685451034,1.0980066394557824,3.697337917346667
2019-11-22 18:39:36,11.052,-0.1527643,-0.1475,1525.75,0.0157995485884306,1.0980066394557824,3.697337917346667
2019-11-22 18:39:37,10.98,-0.1527643,0.1374999999999999,1525.75,-0.0092101588091898,1.0980066394557824,3.697337917346667
2019-11-22 18:39:38,12.132,-0.1527643,0.3725,1525.75,-0.0317154222567565,1.0980066394557824,3.697337917346667
2019-11-22 18:39:39,14.508,-0.1527643,0.4025,1525.75,-0.0420282914058158,1.0980066394557824,3.697337917346667
2019-11-22 18:39:40,16.416,-0.1527643,0.3325000000000002,1525.75,-0.0508300297944967,1.0980066394557824,3.697337917346667
2019-11-22 18:39:41,16.776,0.2525219,0.1600000000000001,1021.75,-0.0386376354959894,0.7505878204081633,2.5274681490716535
2019-11-22 18:39:42,16.92,0.2525219,-0.0225000000000001,1021.75,-0.0412060855422355,0.7505878204081633,2.5274681490716535
2019-11-22 18:39:43,16.812,0.4039328,-0.18,1025.0,-0.0203485953744837,0.3630560653061224,1.2225253547140065
2019-11-22 18:39:44,16.092,0.4039328,-0.3425000000000001,1025.0,-0.0084235014992883,0.3630560653061224,1.2225253547140065
2019-11-22 18:39:45,14.184,0.07341404,-0.3325000000000001,941.5,0.0035015923759071,0.3270224108843537,1.1011885685719796
2019-11-22 18:39:46,11.988,0.07341404,-0.3149999999999999,941.5,0.0189367969341757,0.3270224108843537,1.1011885685719796
2019-11-22 18:39:47,12.024,0.07341404,-0.2124999999999999,941.5,0.0312940652528297,0.3270224108843537,1.1011885685719796
2019-11-22 18:39:48,11.556,-0.2381084,-0.29,993.25,0.0202253933574859,0.4092879238095238,1.3782027407075506
2019-11-22 18:39:49,11.124,-0.2381084,-0.4999999999999999,993.25,0.0105710807127196,0.4092879238095238,1.3782027407075506
2019-11-22 18:39:50,7.812,-0.3584774,-0.51,929.25,0.0009167680679534,0.3304218122448979,1.112635435189152
2019-11-22 18:39:51,4.824,-0.3584774,-0.4975,929.25,-0.0024510936757886,0.3304218122448979,1.112635435189152
2019-11-22 18:39:52,4.212,-0.3584774,-0.2349999999999999,929.25,0.0120198251648372,0.3304218122448979,1.112635435189152
2019-11-22 18:39:53,3.96,-0.5426773,0.0649999999999999,692.0,0.026490744005463,0.2971076789115646,1.000456142340863
2019-11-22 18:39:54,4.428,-0.5426773,0.3624999305555555,692.0,0.0362873055895603,0.2971076789115646,1.000456142340863
2019-11-22 18:39:55,5.76,-0.464046,0.63,730.25,0.0460838671736575,0.2855497142857143,0.9615367958424772
2019-11-22 18:39:56,9.431999,-0.464046,0.6499999999999999,730.25,0.0460838671736575,0.2855497142857143,0.9615367958424772
2019-11-22 18:39:57,13.032,0.2810621,0.5275,1545.75,0.0460838671736575,1.1156835265306124,3.756861623755964
2019-11-22 18:39:58,13.788,0.2810621,0.2025000694444445,1545.75,0.0441272048128594,1.1156835265306124,3.756861623755964
2019-11-22 18:39:59,13.356,0.2810621,-0.2599999999999999,1545.75,0.0526109114655145,1.1156835265306124,3.756861623755964
2019-11-22 18:40:00,12.348,0.5717867,-0.3975,968.5,0.0610946181181697,0.3480986993197279,1.1721591415984485
2019-11-22 18:40:01,9.288,0.5717867,-0.3425,968.5,0.0556399407429553,0.3480986993197279,1.1721591415984485
2019-11-22 18:40:02,8.064,-0.09890559,-0.24,793.25,0.0501852633677408,0.3569371428571429,1.2019209948030964
2019-11-22 18:40:03,8.424,-0.09890559,-0.145,793.25,0.0466872483533246,0.3569371428571429,1.2019209948030964
2019-11-22 18:40:04,8.892,-0.09890559,-0.3225,793.25,0.032748864325455,0.3569371428571429,1.2019209948030964
